jour,courses,distance_moy,recette
2024-01-01,2249,4.4,70827.95
2024-01-02,2319,4.22,72356.43
2024-01-03,2538,3.81,74770.39
2024-01-04,3428,3.26,93482.72
2024-01-05,3253,3.15,85919.26
2024-01-06,3056,3.2,79076.97
2024-01-07,2115,3.94,60789.12
2024-01-08,2451,3.4,67608.57
2024-01-09,2828,2.9,73014.63
2024-01-10,3006,3.3,82484.85
2024-01-11,3316,3.33,94508.42
2024-01-12,3176,3.37,89596.05
2024-01-13,3282,2.85,81594.24
2024-01-14,2892,3.38,77443.26
2024-01-15,2396,3.7,68096.23
2024-01-16,2918,3.26,83358.56
2024-01-17,3265,3.05,88551.73
2024-01-18,3478,2.95,93396.36
2024-01-19,2917,3.07,77556.9
2024-01-20,3262,2.94,80882.62
2024-01-21,2538,3.78,71207.61
2024-01-22,2686,3.43,75660.02
2024-01-23,3152,3.04,86040.24
2024-01-24,3334,2.89,88235.06
2024-01-25,3445,3.06,94546.58
2024-01-26,3292,3.16,90208.96
2024-01-27,3452,2.93,87272.22
2024-01-28,2791,3.47,75956.48
2024-01-29,2604,3.44,73949.27
2024-01-30,3222,2.99,85174.29
2024-01-31,3152,3.0,85602.45
